timestamp,accX,accY,accZ
558352,223,299,-17744
558356,230,80,-15706
558360,283,414,-16297
558364,273,-140,-16700
558368,291,-96,-16050
558372,520,-92,-16648
558376,774,-338,-15945
558380,359,-6,-16953
558384,373,-465,-15788
558388,471,-97,-16838
558392,617,-59,-16150
558396,508,-195,-16753
558400,161,175,-16527
558404,578,270,-15605
558408,485,19,-16643
558412,338,245,-16322
558416,312,-24,-15732
558420,307,324,-16706
558424,199,185,-16353
558428,346,-26,-16111
558432,171,27,-16849
558436,282,-224,-16214
558440,358,34,-16368
558444,235,71,-16460
558448,266,-256,-16084
558452,300,-398,-16743
558456,462,-324,-16470
558461,331,-281,-15412
558465,380,37,-17131
558469,305,-70,-15864
558473,815,217,-16259
558477,586,-66,-16770
558481,624,166,-15945
558485,425,301,-15638
558489,348,31,-17560
558493,660,66,-16535
558496,839,161,-16056
558500,284,-12,-17412
558504,476,-129,-16477
558509,464,-127,-16308
558513,541,-251,-16767
558517,351,-341,-16002
558521,27,-170,-16790
558525,332,-214,-16336
558529,457,81,-15590
558533,306,-124,-17636
558537,193,-53,-16936
558541,380,348,-15691
558545,340,234,-17174
558549,387,-32,-16094
558553,368,243,-16410
558557,556,40,-16637
558561,413,117,-15770
558565,297,240,-16804
558569,643,-149,-17058
558573,610,-44,-15797
558577,449,-118,-16975
558581,426,-307,-16638
558585,559,-146,-15782
558589,431,3,-17313
558593,563,-486,-15931
558597,244,-57,-17016
558601,281,6,-16066
558605,389,16,-16263
558609,221,144,-16941
558613,410,13,-16757
558617,261,318,-16094
558621,131,385,-16580
558625,236,110,-16016
558629,271,269,-16747
558633,333,28,-17530
558637,334,-193,-15477
558641,369,109,-17006
558645,411,-411,-16549
558649,556,-206,-16363
558653,678,-38,-16761
558657,498,-348,-16206
558661,387,179,-16623
558665,586,-26,-16638
558669,690,-249,-16945
558673,495,67,-16331
558677,304,4,-16230
558681,399,251,-16723
558685,388,229,-16468
558689,496,91,-16577
558693,456,100,-16490
558697,90,67,-16448
558701,196,-14,-16635
558705,165,5,-16140
558708,204,-22,-16932
558712,316,-159,-16141
558716,313,-187,-16588
558721,248,-117,-16164
558725,292,-305,-16919
558729,592,-111,-16595
558733,515,-115,-16480
558737,199,-217,-16476
558741,512,97,-16189
558745,599,12,-16733
558749,549,126,-16260
558753,541,167,-15877
558757,450,188,-17251
558761,526,276,-15997
558765,575,-8,-16543
558769,252,-18,-17168
558773,390,-60,-16560
558777,443,-211,-16458
558781,238,-85,-16476
558785,297,-90,-16416
558789,287,-189,-16589
558793,335,-224,-15832
558797,273,-212,-16060
558801,189,-53,-16462
558805,289,-155,-16419
558810,328,16,-16319
558813,275,-207,-17082
558818,402,73,-15709
558821,376,185,-17144
558825,427,79,-16087
558829,597,53,-16104
558833,535,2,-16964
558837,405,60,-16536
558841,402,135,-16460
558845,554,-97,-16371
558849,372,-212,-16295
558853,482,-211,-16450
558857,495,-272,-16131
558861,360,-186,-16602
558865,233,-219,-16192
558870,469,-250,-16888
558874,334,105,-16345
558878,404,59,-16307
558882,205,18,-16610
558885,177,276,-16537
558889,427,80,-16248
558893,339,171,-17057
558897,26,182,-16227
558901,590,131,-17066
558905,500,139,-16069
558909,459,55,-16702
558913,572,-103,-15835
558917,489,-73,-16724
558921,446,-208,-16166
558925,453,-211,-16737
558929,611,-354,-16005
558933,321,-205,-17113
558938,408,99,-16337
558941,314,104,-16871
558945,368,-51,-16382
558950,315,16,-16435
558953,239,-67,-16642
558957,425,499,-15820
558961,350,226,-17293
558965,139,173,-16640
558969,347,29,-16214
558973,298,-137,-16726
558977,327,-73,-16467
558981,331,-294,-16171
558986,361,-197,-17111
558990,405,-119,-16593
558994,445,-261,-16188
558998,430,-139,-17082
559002,409,-138,-16040
559006,654,224,-16351
559010,415,174,-16934
559014,403,-11,-16114
559018,449,163,-16738
559022,505,101,-17323
559026,438,-4,-16061
559030,413,64,-16204
559034,503,-41,-15822
559038,452,-18,-16907
559042,299,-186,-16341
559046,347,-126,-16961
559050,145,-195,-16093
559054,349,-140,-16505
559058,79,19,-16799
559062,398,-197,-16196
559066,420,77,-16570
559070,413,-116,-16281
559074,383,172,-16612
559078,364,107,-16191
559082,652,-99,-16936
559086,541,245,-16040
559090,590,-37,-15873
559094,355,11,-16575
559098,595,84,-16286
559102,635,-278,-16319
559106,517,-162,-16429
559110,362,-132,-16143
559115,334,-142,-17014
559119,415,-78,-15883
559123,260,-182,-16471
559127,228,-99,-16306
559131,237,-84,-16849
559135,288,-9,-15950
559139,478,-50,-16830
559143,126,121,-16683
559147,19,190,-16328
559150,429,66,-16383
559154,433,185,-16155
559158,349,-47,-16950
559162,375,13,-15352
559166,283,7,-17737
559170,547,-94,-15307
559174,600,7,-16003
559178,525,-70,-16521
559182,299,-164,-15829
559186,257,-7,-17262
559190,511,-128,-15564
559194,594,-278,-17052
559198,435,132,-15813
559202,299,16,-16522
559206,448,118,-16997
559210,464,120,-16265
559214,547,121,-16061
559218,257,128,-16938
559222,176,237,-15979
559226,364,-44,-15442
559230,185,177,-18262
559234,516,-111,-14640
559238,300,38,-16386
559242,133,51,-16655
559246,470,-340,-15596
559250,667,60,-17125
559254,435,-240,-16160
559258,213,-137,-16660
559262,282,-29,-16011
559266,857,-108,-17142
559270,47,-15,-16874
559274,319,97,-15889
559278,279,52,-16567
559282,478,20,-16581
559286,512,-51,-16107
559290,365,-7,-17315
559294,429,26,-15523
559298,373,-55,-15634
559302,218,27,-17265
559306,445,-233,-15463
559310,466,173,-16891
559314,401,-93,-15859
559318,239,14,-16518
559322,299,-218,-16766
559326,326,-461,-16457
559330,622,75,-16231
559334,377,-144,-16544
559338,80,-141,-16281
559342,434,-38,-16955
559346,496,-209,-16621
559350,276,77,-16101
559354,405,145,-17187
559358,258,-24,-15857
559362,147,275,-16988
559366,592,1,-16689
559370,560,-272,-15803
559374,100,207,-17291
559378,349,-218,-15545
559382,398,-62,-16925
559386,511,-98,-16140
559390,385,-149,-16535
559394,240,201,-16389
559398,314,-111,-16513
559402,403,-139,-16733
559406,555,39,-16278
559410,310,-185,-16161
559414,225,11,-16987
559418,528,-64,-16296
559422,556,-238,-16517
559426,298,-102,-16568
559430,470,91,-15544
559434,93,89,-16986
559438,525,-40,-17565
559442,599,61,-15108
559446,412,27,-17267
559450,150,201,-16218
559454,203,-168,-16156
559458,470,17,-17009
559462,702,-95,-15796
559466,186,-192,-16932
559470,107,104,-16398
559474,280,-60,-16356
559478,491,-240,-17076
559482,450,45,-16122
559486,264,-219,-16721
559490,177,-223,-16582
559494,636,169,-16559
559498,534,188,-16644
559502,489,-44,-16061
559506,311,-138,-16411
559511,219,-119,-16351
559515,536,32,-16612
559518,803,-136,-16334
559523,82,98,-16280
559526,192,-76,-16382
559530,411,-316,-16858
559534,822,107,-16251
559538,479,-215,-16431
559543,-27,-71,-16901
559547,430,-7,-16594
559550,460,-325,-16560
559555,359,-77,-16562
559559,146,31,-15937
559563,31,-185,-16736
559567,456,-154,-16605
559571,689,94,-16828
559575,667,1,-16314
559578,316,92,-15814
559582,320,-31,-17190
559586,591,-35,-15812
559590,379,-43,-16575
559594,287,-70,-16298
559598,195,-145,-16754
559602,383,59,-16361
559606,480,60,-16374
559610,337,136,-15630
559614,219,-128,-17103
559618,356,-167,-16197
559623,456,32,-16725
559626,324,-221,-16307
559631,358,-79,-16616
559635,302,126,-16505
559639,325,-159,-16909
559643,402,8,-16843
559646,484,104,-16252
559650,232,-207,-16414
559655,374,246,-16455
559659,334,-112,-16548
559663,476,-280,-16248
559667,26,-248,-16439
559671,544,-5,-16326
559675,423,58,-16653
559679,487,98,-17053
559683,399,-171,-15947
559687,576,296,-16670
559691,473,-172,-16243
559695,415,-79,-17068
559699,340,-10,-16539
559703,411,-263,-16662
559707,320,-75,-16566
559711,379,40,-16466
559715,393,-40,-16614
559719,338,5,-16737
559723,103,7,-16462
559727,432,-92,-16576
559731,382,115,-16426
559735,298,-65,-16889
559739,231,-75,-16156
559743,232,303,-16742
559747,597,128,-16234
559751,327,-26,-15468
559755,408,108,-17354
559759,328,-144,-15933
559763,508,130,-17005
559767,340,-475,-16247
559771,523,-269,-16288
559775,626,28,-15565
559779,406,20,-16947
559783,273,-149,-16167
559787,604,187,-16279
559791,398,-80,-16601
559795,314,86,-15035
559799,367,3,-17262
559803,275,-232,-16237
559807,363,50,-15979
559811,303,284,-16889
559815,208,-133,-15803
559819,497,-75,-16369
559823,241,-181,-16816
559827,391,51,-16007
559831,462,49,-16387
559835,208,-44,-16828
559839,437,-63,-16208
559843,665,157,-16452
559847,225,-404,-16897
559851,221,21,-15945
559855,602,-74,-17328
559859,443,-175,-16907
559863,503,152,-16574
559867,206,-34,-16373
559871,402,-74,-16537
559875,585,-19,-17119
559879,429,2,-16348
559882,289,36,-16802
559886,150,41,-16729
559890,445,54,-16938
559894,219,-94,-15720
559898,176,164,-16702
559902,360,-221,-16422
559906,417,66,-15998
559910,518,-149,-16992
559914,116,-400,-16367
559918,345,-70,-16401
559922,549,-176,-16787
559927,435,-216,-16314
559931,205,127,-16251
559935,327,-57,-16603
559939,685,-48,-16579
559943,413,105,-15582
559947,228,54,-17002
559951,453,124,-16471
559955,656,46,-16821
559959,465,-243,-16375
559963,126,50,-16582
559967,307,-179,-16462
559971,377,-107,-16229
559975,341,-40,-16733
559979,383,34,-16436
559983,136,-214,-15664
559987,403,59,-16063
559991,624,-173,-17113
559995,430,115,-15619
559999,283,-40,-16207
560003,155,-76,-16577
560007,570,332,-16086
560011,469,-94,-16535
560015,292,50,-16686
560019,423,48,-16259
560023,399,30,-16309
560027,462,-419,-16728
560031,440,315,-16443
560035,406,-84,-16132
560039,320,173,-17669
560043,337,87,-15804
560046,616,-65,-16523
560050,444,55,-16460
560054,446,-255,-15768
560059,199,-266,-16796
560063,375,-46,-16075
560067,374,7,-17069
560071,498,145,-16897
560075,171,2,-15669
560078,244,-160,-17287
560082,422,145,-15796
560087,651,-42,-16944
560091,88,61,-17006
560094,76,-47,-15843
560098,439,105,-17157
560102,575,-63,-16499
560106,176,15,-16487
560110,419,52,-16841
560114,385,-179,-16535
560118,548,-90,-16354
560122,380,117,-16941
560126,417,-358,-16670
560130,257,129,-15662
560134,345,-110,-15931
560138,253,-86,-17107
560142,554,227,-15799
560146,532,68,-16791
560150,103,-62,-15756
560154,335,-80,-15983
560158,523,-11,-16633
560162,496,-45,-16401
560166,62,16,-16153
560170,65,124,-16228
560174,400,-71,-16741
560178,532,-113,-16194
560182,539,66,-16911
560186,231,-358,-16423
560190,318,206,-16410
560194,219,-190,-16737
560198,412,-38,-17082
560202,789,13,-15965
560206,175,23,-16406
560210,80,46,-17239
560214,641,181,-15418
560218,468,87,-16477
560222,670,-56,-16619
560226,205,68,-16336
560230,81,-230,-16314
560234,627,197,-16956
560238,455,-179,-15903
560242,377,39,-16616
560246,8,-47,-17315
560250,247,-381,-15719
560254,278,-81,-16685
560258,412,87,-16581
560262,334,57,-15843
560266,62,118,-16953
560270,214,-353,-16675
560274,780,-236,-16349
560278,355,414,-16416
560282,171,-270,-16648
560286,234,-22,-15957
560290,662,232,-15936
560294,748,-283,-17333
560298,417,-33,-15576
560302,346,87,-15676
560306,338,-158,-17280
560310,827,-167,-15965
560314,731,46,-15201
560318,368,-105,-17728
560322,-15,190,-16807
560326,314,-228,-15788
560330,629,-17,-17158
560334,276,-57,-15422
560338,92,-131,-16840
560342,-84,2,-16559
560346,351,29,-15738
560350,634,153,-17454
560354,204,-192,-16936
560358,130,37,-16253
560362,328,-110,-16587
560366,407,-81,-17036
560370,372,39,-16394
560374,440,-45,-16581
560378,385,-192,-16591
560382,341,253,-16518
560386,685,35,-16462
560390,611,37,-16317
560394,508,82,-16625
560398,261,102,-16299
560402,324,31,-16677
560406,660,103,-16596
560410,457,-266,-16049
560414,383,28,-17170
560418,266,33,-16109
560422,483,-90,-16692
560426,-22,68,-15911
560430,11,-48,-16715
560433,554,-162,-15586
560438,319,150,-16037
560442,451,-202,-17179
560446,308,37,-15702
560450,369,-24,-16026
560454,644,-204,-16833
560458,389,-46,-16237
560462,273,63,-16602
560466,340,-109,-16664
560470,672,-102,-16562
560474,713,72,-16581
560478,282,75,-15624
560482,556,-173,-15788
560486,553,81,-16735
560490,675,90,-15810
560494,366,39,-17142
560498,210,196,-15771
560502,375,-275,-15386
560506,376,-35,-17058
560510,360,-58,-16758
560514,217,7,-16520
560518,145,157,-16916
560522,509,-148,-16491
560526,476,-77,-16384
560530,102,190,-16613
560534,235,-232,-17117
560538,523,97,-16072
560542,510,29,-16635
560545,423,127,-16861
560550,276,85,-16037
560553,466,-72,-17094
560557,720,74,-15666
560561,558,146,-17126
560565,145,-231,-16376
560569,377,-253,-16694
560573,812,-215,-16175
560578,607,-117,-16807
560582,346,13,-15525
560586,472,-145,-17818
560590,288,-40,-16581
560594,498,-94,-16467
560598,353,-222,-17205
560602,222,-34,-16037
560606,196,-77,-16540
560610,365,-17,-17468
560614,345,209,-15189
560618,351,57,-16936
560622,368,-4,-15987
560626,222,23,-16317
560629,380,69,-16950
560633,259,-209,-16416
560638,513,-115,-15862
560642,458,38,-16661
560646,507,-156,-15847
560650,501,96,-16364
560653,752,-152,-15890
560658,368,-134,-16797
560662,289,-67,-15926
560666,358,24,-16601
560670,601,-273,-16721
560674,307,116,-15357
560678,228,-37,-16968
560682,523,-142,-16490
560686,149,196,-16516
560690,444,-120,-16746
560694,405,63,-16456
560698,74,127,-16351
560702,206,-172,-16724
560706,446,58,-16698
560710,481,-93,-16557
560714,407,-142,-16303
560718,246,8,-16189
560722,133,-45,-16439
560726,553,-45,-16486
560730,594,-88,-16298
560734,206,-31,-16579
560738,346,-2,-15787
560742,500,2,-16677
560746,532,85,-16407
560750,332,-96,-16919
560754,566,-176,-16063
560758,322,215,-16228
560762,378,-119,-16828
560766,415,28,-15878
560770,340,-49,-16017
560774,493,-1,-16318
560778,181,226,-15517
560782,271,-426,-17010
560786,386,-104,-16719
560790,298,18,-16166
560794,391,-42,-16962
560798,241,64,-16058
560802,186,-70,-16037
560806,334,-79,-16961
560810,501,-22,-15859
560814,513,-50,-16966
560818,204,-79,-16611
560822,365,-6,-16001
560826,491,-28,-17245
560830,812,-141,-15750
560834,198,92,-16782
560838,291,34,-15708
560842,444,4,-17203
560845,814,-271,-15535
560849,588,208,-17150
560853,-30,-130,-15915
560858,199,-112,-16431
560862,428,-83,-17243
560866,600,-21,-17084
560870,438,9,-16316
560873,94,54,-16888
560877,275,-96,-16744
560881,342,-155,-15956
560885,275,-10,-17479
560889,361,-156,-16033
560893,-45,107,-16383
560897,52,-77,-17086
560901,426,68,-15988
560905,365,-42,-16904
560909,282,-114,-16008
560913,289,-81,-16371
560917,297,-11,-15752
560921,614,-165,-17297
560926,441,-56,-16121
560930,581,56,-16500
560933,390,24,-16083
560937,469,-79,-17052
560941,651,-214,-15835
560945,357,-104,-16797
560950,302,47,-16009
560953,397,-162,-16671
560958,339,206,-16505
560962,553,-134,-17297
560966,271,-198,-15714
560970,62,29,-16783
560974,-154,56,-16386
560978,382,-26,-16134
560982,404,0,-16516
560986,359,-9,-16634
560989,125,-18,-16341
560993,132,-112,-16854
560997,619,-147,-16224
561002,575,182,-15854
561006,555,-143,-17318
561010,339,59,-15956
561014,358,19,-16637
561018,642,-76,-16192
561022,696,-25,-16465
561026,215,-69,-15556
561030,289,14,-16148
561034,321,29,-17012
561037,473,-141,-15609
561042,376,141,-17106
561046,74,-106,-16221
561050,405,23,-16377
561054,635,-31,-16876
561058,484,-48,-16250
561062,103,-63,-16849
561066,350,-192,-16185
561070,388,97,-17058
561074,436,-287,-16194
561078,273,252,-16865
561082,367,-132,-16765
561086,284,-111,-15770
561090,646,313,-16398
561094,513,-335,-16328
561098,215,-6,-16777
561102,387,-1,-17035
561106,496,-84,-16313
561110,733,249,-16253
561114,408,-255,-17495
561118,338,-100,-15453
561122,577,165,-17752
561126,405,-385,-15714
561130,507,-52,-16864
561134,79,101,-16569
561138,348,-32,-16167
561142,240,50,-17764
561146,475,-125,-15352
561150,168,70,-17090
561154,505,26,-17123
561158,260,29,-15239
561162,432,16,-17580
561166,395,26,-16565
561170,344,65,-15904
561174,319,15,-16498
561178,594,-248,-16438
561182,509,-10,-16241
561186,375,139,-16840
561190,282,-351,-16356
561194,858,33,-16422
561198,531,-74,-16361
561202,561,-271,-16629
561206,261,60,-16150
561210,385,-171,-16449
561214,634,118,-16722
561218,482,-54,-16631
561222,246,97,-16103
561226,293,-43,-17130
561230,429,-29,-15798
561234,319,76,-16967
561238,181,-40,-16364
561242,262,-65,-16510
561246,172,-127,-16282
561250,262,-18,-16126
561254,209,-114,-16855
561258,405,65,-16403
561262,397,48,-16580
561266,390,-98,-16237
561270,428,63,-17353
561273,660,-147,-15752
561278,410,68,-16332
561281,244,10,-17029
561285,507,-116,-15696
561290,473,-115,-16212
561294,485,56,-16976
561298,443,-134,-15492
561302,269,-26,-15806
561306,432,-45,-17267
561310,383,-150,-15392
561314,427,260,-16460
561318,413,14,-16671
561322,262,63,-15715
561325,244,22,-16399
561329,557,-171,-16968
561334,1,32,-15736
561337,228,44,-16936
561341,180,-181,-16108
561345,440,12,-17656
561349,333,21,-15189
561353,469,-190,-16395
561357,499,167,-16948
561361,276,-40,-15797
561365,491,59,-16742
561369,632,-56,-15709
561373,362,-80,-16032
561377,315,35,-16424
561381,589,88,-16565
561385,443,33,-16380
561389,557,238,-16151
561393,431,-141,-16158
561397,187,22,-16406
561401,587,-132,-16666
561405,514,-45,-16745
561409,231,-81,-16201
561413,258,-94,-16356
561417,217,-87,-16674
561421,407,-28,-16724
561425,296,-79,-16204
561429,127,-19,-17136
561433,426,50,-15608
561437,385,141,-16210
561441,302,232,-16668
561445,527,105,-16386
561449,732,-150,-15625
561453,260,-46,-16999
561457,498,21,-15635
561461,490,111,-16790
561465,467,29,-16582
561469,396,74,-16643
561473,566,-68,-16028
561477,375,-114,-16898
561481,737,-49,-16294
561485,335,-149,-16504
561489,162,142,-16225
561493,114,-169,-17076
561497,428,40,-15942
561501,398,103,-15641
561505,283,-33,-17365
561509,263,-92,-15406
561513,267,-88,-16668
561517,378,-7,-16477
561521,363,-169,-15072
561525,226,51,-17489
561529,337,-95,-15833
561533,408,85,-15938
561537,484,72,-16624
561541,459,-218,-16710
561545,366,242,-15716
561549,231,193,-16829
561553,609,-16,-17009
561557,590,-110,-15467
561561,329,-146,-17739
561565,667,50,-16173
561569,350,107,-16433
561573,481,-273,-16465
561577,666,-28,-15321
561581,468,-276,-17487
561585,184,-102,-16032
561589,361,-173,-16440
561593,143,19,-17177
561597,290,-169,-17018
561601,189,-96,-15777
561605,351,35,-17121
561609,4,-66,-15617
561613,223,-73,-17178
561617,473,107,-16588
561621,295,77,-16649
561625,344,142,-16462
561629,70,-113,-16856
561633,524,53,-16990
561637,543,-202,-15841
561641,473,125,-17008
561645,320,-260,-16107
561649,387,-127,-16710
561653,883,-173,-16277
561657,413,-300,-16488
561661,455,-44,-16421
561665,324,123,-16639
561669,516,-16,-16055
561673,520,87,-16813
561677,236,185,-16649
561681,303,-146,-15704
561685,490,207,-16660
561689,119,-51,-16118
561693,356,220,-15873
561698,314,171,-16740
561702,36,102,-16230
561705,492,-36,-16093
561709,157,-84,-16557
561713,405,-292,-16435
561718,494,-41,-15774
561722,372,-14,-16705
561726,348,-113,-16559
561730,242,67,-16757
561734,785,-10,-16092
561738,608,6,-15955
561741,396,95,-16731
561745,502,160,-16333
561749,537,-40,-16413
561753,716,199,-16139
561757,444,-94,-16871
561761,121,122,-15714
561765,277,68,-17181
561769,457,-175,-17094
561773,515,-102,-16589
561777,112,212,-16339
561781,122,-240,-16546
561786,90,235,-16572
561789,424,-236,-16401
561793,210,29,-16621
561797,97,137,-16058
561801,168,-333,-16627
561805,421,51,-15934
561809,449,184,-17028
561813,313,-180,-17176
561818,277,43,-15581
561821,541,72,-16557
561825,653,-189,-16558
561829,550,-9,-15869
561833,485,-5,-17050
561837,343,-264,-16120
561841,704,133,-16417
561845,546,-65,-16720
561849,310,-15,-16105
561854,360,-29,-16486
561858,252,-36,-16347
561862,489,1,-16377
561865,45,-50,-16203
561869,120,-299,-16290
561873,97,87,-16587
561877,446,19,-15757
561881,477,-325,-17077
561885,175,348,-15481
561889,194,-69,-17376
561893,368,-4,-16372
561897,276,123,-16576
561901,587,-92,-16541
561905,234,121,-16851
561909,140,-58,-16263
561913,469,-230,-16272
561917,644,-66,-16824
561921,715,-187,-16150
561925,257,-1,-16662
561929,313,-57,-15927
561933,747,-141,-17030
561937,402,-327,-16688
561941,339,-115,-15873
561946,148,-92,-16776
561949,374,-3,-15847
561953,294,63,-16605
561957,343,-46,-16619
561961,303,71,-17104
561965,47,-16,-15724
561969,403,41,-16444
561973,313,-75,-16689
561977,257,-157,-16082
561981,422,145,-16553
561985,219,-53,-16442
561989,313,4,-15640
561993,434,-73,-16962
561997,387,-96,-16385
562001,409,23,-16300
562005,547,13,-16677
562009,432,-137,-16869
562013,502,2,-16725
562017,579,-133,-16236
562021,339,23,-16614
562025,399,6,-17006
562029,521,-84,-15810
562033,436,155,-16019
562037,301,-141,-16722
562041,361,-36,-16395
562045,185,-68,-16468
562049,370,-149,-16328
562053,207,-128,-15934
562057,89,218,-16643
562061,280,-171,-16573
562065,84,137,-17442
562069,195,181,-15557
562073,384,-94,-16474
562077,281,191,-16440
562081,335,-175,-16414
562085,479,15,-17150
562089,666,-194,-15876
562093,557,-298,-16803
562097,443,89,-16769
562101,455,-109,-15586
562105,452,-324,-17661
562109,653,107,-16863
562113,479,-99,-15944
562117,354,62,-16565
562121,410,-55,-16497
562125,415,-104,-16322
562129,584,46,-16042
562133,86,-54,-17175
562137,433,-73,-16149
562141,320,95,-16643
562145,330,103,-16106
562149,150,-33,-16793
562153,210,-76,-15485
562157,217,-160,-17947
562161,207,46,-16071
562165,357,-1,-16534
562169,447,-142,-17150
562173,541,174,-15317
562177,387,-90,-17271
562181,479,32,-17441
562185,563,-31,-15694
562189,788,-36,-17589
562193,289,-243,-17354
562197,609,135,-15771
562201,597,242,-16645
562205,511,-4,-16613
562209,621,-156,-15944
562213,422,143,-15811
562217,399,4,-17311
562221,173,-34,-15248
562225,466,52,-16181
562229,437,-1,-16866
562233,229,-28,-16704
562237,90,-17,-15690
562241,167,-32,-16628
562245,505,107,-15996
562249,225,151,-16161
562253,315,-54,-17012
562257,262,-54,-15906
562261,317,-47,-16899
562265,608,57,-16703
562269,611,-52,-15832
562273,298,-213,-17188
562277,371,-170,-16267
562281,564,-226,-17024
562285,569,104,-16234
562289,485,-166,-15584
562293,335,-29,-17658
562297,598,285,-15591
562301,481,-22,-16312
562305,295,332,-16374
562309,288,-109,-15733
562313,394,-110,-16377
562317,176,96,-17203
562321,373,-331,-16633
562325,447,-76,-16755
562329,161,-89,-16757
562333,148,-268,-16885
562337,289,-233,-16136
562341,407,-210,-16619
562346,241,-22,-15906
562350,342,114,-17074
562354,512,-61,-17123
562358,481,4,-15584
562361,421,166,-16976
562365,508,2,-16574
562369,196,159,-15656
562373,470,33,-16491
562377,627,0,-16574
562381,343,23,-16754
562385,350,-100,-17114
562389,328,-15,-16346
562393,415,44,-16627
562397,605,-139,-16310
562401,261,-22,-17033
562405,348,107,-16774
562409,220,-192,-16118
562413,494,-245,-16649
562417,338,119,-16597
562421,318,-133,-15759
562425,297,-5,-16828
562429,256,128,-16080
562433,382,14,-16764
562437,357,131,-16133
562441,281,-252,-16218
562445,364,-136,-16799
562449,510,120,-15920
562453,523,-95,-17491
562457,412,141,-15864
562461,661,-214,-16392
562466,404,-31,-16955
562470,387,13,-15921
562473,600,-100,-16725
562478,440,84,-16583
562481,457,16,-16247
562485,464,-3,-16957
562489,552,63,-15656
562493,571,-50,-15356
562497,515,208,-17558
562501,305,-189,-16937
562505,365,-94,-15123
562509,360,-34,-17730
562513,280,-216,-14527
562517,27,-70,-17393
562521,53,59,-18200
562525,327,188,-14348
562529,274,308,-17047
562533,230,-129,-16015
562537,97,159,-16488
562541,366,433,-16628
562545,428,-463,-17449
562549,611,50,-15735
562553,268,137,-17349
562557,330,-270,-17118
562561,615,180,-15882
562565,704,-135,-16434
562569,542,-81,-16889
562573,460,26,-15593
562577,463,-13,-16787
562581,452,-34,-16377
562585,391,105,-16095
562589,466,0,-17678
562593,188,1,-15267
562597,441,40,-15810
562601,477,-408,-17394
562605,401,33,-15366
562609,378,-51,-16966
562613,-72,-254,-15984
562617,292,55,-15788
562621,241,-221,-16672
562625,680,16,-16357
562629,130,158,-14877
562633,268,11,-17804
562637,420,40,-15698
562641,592,206,-16626
562645,337,-151,-17075
562649,430,169,-14996
562653,460,-387,-17413
562657,480,-403,-15756
562661,555,266,-15916
562665,600,-483,-17051
562669,285,84,-15197
562673,384,67,-16007
562677,324,24,-17039
562681,486,168,-15651
562685,618,-237,-17044
562689,278,-292,-16265
562693,225,284,-15412
562697,489,-1,-17051
562701,417,-82,-16401
562705,650,107,-15162
562709,244,115,-18131
562713,126,-193,-15321
562717,476,1,-15465
562721,310,-158,-17931
562725,294,127,-15360
562729,422,-326,-17219
562733,253,-227,-16075
562737,574,-12,-15802
562741,759,-92,-17532
562745,667,287,-15407
562749,212,299,-16732
562753,30,65,-15753
562757,705,200,-17373
562761,858,-180,-15552
562765,135,-120,-17427
562769,-53,66,-15219
562773,106,-180,-17537
562777,632,-40,-15874
562781,572,-120,-14807
562786,122,219,-17913
562790,-62,-48,-14863
562793,407,-124,-16373
562798,646,-160,-16465
562802,379,-66,-15761
562806,361,92,-16603
562810,85,112,-16314
562814,821,-245,-16669
562818,671,157,-16099
562822,380,-4,-16894
562826,238,91,-17011
562830,651,386,-15986
562834,518,-273,-16078
562838,639,11,-16464
562842,265,57,-16425
562845,-30,-34,-15535
562849,404,-76,-17061
562854,473,-97,-16739
562858,427,-99,-16435
562862,104,26,-15923
562865,65,-48,-17001
562869,425,-199,-15958
562873,386,88,-16321
562877,196,-110,-15611
562881,437,66,-17430
562885,358,92,-14893
562889,639,-93,-17288
562893,514,52,-16961
562897,300,-67,-15178
562901,315,80,-17706
562905,474,-165,-16312
562909,677,144,-15413
562913,372,65,-17386
562917,152,4,-16715
562921,379,235,-16005
562925,577,72,-17289
562929,339,109,-16725
562933,99,-150,-16361
562937,543,76,-16204
562941,598,-181,-17438
562945,236,16,-15862
562949,746,-336,-17472
562953,429,-63,-15307
562957,114,145,-17257
562961,622,-147,-15493
562965,285,-89,-17556
562969,515,-44,-16906
562973,378,94,-16104
562977,428,6,-16759
562981,521,323,-16101
562985,456,-87,-16822
562989,358,209,-16268
562993,305,-67,-16352
562997,505,-165,-17140
563001,406,-102,-17036
563005,379,-12,-16024
563009,282,3,-16554
563013,285,-247,-16805
563017,504,61,-15648
563021,339,-90,-16321
563025,321,-272,-16651
563029,141,-174,-16176
563033,553,-6,-16230
563037,418,191,-17149
563041,383,80,-15368
563045,7,-109,-16121
563049,341,241,-16702
563053,578,-65,-16326
563057,396,-196,-16471
563061,431,22,-16215
563065,-32,18,-15311
563069,271,84,-17764
563073,632,-209,-15622
563077,717,-20,-17254
563081,145,-62,-15969
563085,406,-117,-16302
563089,558,-141,-16777
563093,761,-210,-16585
563097,195,-21,-15647
563101,61,202,-16868
563105,296,-3,-16325
563109,591,-75,-16649
563113,691,-255,-16543
563117,-60,-150,-15778
563121,255,121,-18456
563125,201,-58,-14790
563129,762,31,-16652
563133,557,-74,-16798
563137,1,68,-15659
563141,387,-320,-16265
563145,554,129,-16892
563149,610,-250,-16314
563153,371,99,-17011
563157,-100,230,-16027
563161,688,-318,-16806
563165,388,258,-15545
563169,387,-186,-17682
563173,349,19,-17381
563177,222,-31,-15590
563181,389,36,-17191
563185,508,-217,-16595
563189,542,-3,-16114
563193,188,-289,-17281
563197,236,187,-15760
563201,482,361,-17248
563205,522,120,-17638
563209,407,140,-15364
563213,341,434,-17342
563217,-56,-199,-16492
563222,363,209,-16317
563226,665,-100,-16690
563230,115,-11,-16485
563234,326,-69,-16126
563238,154,-228,-16963
563242,574,-97,-16633
563246,502,97,-15611
563250,65,-317,-16010
563254,228,136,-16566
563258,675,75,-16007
563261,432,22,-16750
563265,412,39,-15910
563269,188,74,-15615
563273,248,163,-17173
563277,478,109,-15885
563281,553,245,-16913
563285,456,-244,-16643
563289,65,231,-16598
563293,227,-3,-16466
563297,872,-200,-16879
563301,289,-67,-15775
563305,222,-309,-16323
563309,284,-331,-17244
563313,582,-87,-15865
563318,518,-200,-17592
563322,98,62,-16856
563325,41,-29,-15940
563329,140,-72,-17555
563333,583,335,-17219
563337,378,-58,-15546
563341,387,315,-17319
563345,42,90,-15619
563349,492,119,-16630
563353,607,-46,-17549
563357,621,-78,-15828
563361,297,-133,-16659
563366,264,-95,-17276
563370,425,108,-16003
563374,784,-25,-16593
563378,339,-14,-16389
563382,306,-219,-16547
563386,476,-216,-16143
563390,438,-121,-17059
563394,496,-45,-15779
563398,381,115,-16130
563402,166,-69,-16218
563406,278,141,-16854
563410,436,261,-15793
563414,319,147,-16730
563418,320,265,-16801
563422,14,199,-16015
563426,-15,147,-16908
563430,363,102,-16382
563434,625,-136,-16765
563438,13,-135,-16335
563442,434,5,-17753
563446,478,-178,-15713
563450,594,20,-16661
563454,546,-268,-16738
563458,459,-264,-15882
563462,359,41,-16842
563466,603,-165,-16326
563470,637,95,-16177
563474,379,265,-16414
563478,242,107,-16499
563482,343,208,-16377
563486,490,91,-17198
563490,351,95,-15448
563494,203,113,-16346
563498,199,97,-16449
563502,472,-76,-15924
563505,371,-91,-16873
563509,611,-433,-16052
563514,282,-29,-16445
563518,344,-345,-16676
563522,463,-165,-16375
563526,634,-174,-16537
563530,331,-200,-16691
563534,214,-124,-15898
563538,418,231,-16856
563542,347,-102,-16226
563546,470,146,-16418
563550,449,141,-16650
563554,275,223,-16163
563558,399,212,-16657
563562,457,38,-16098
563566,482,89,-16714
563570,-8,44,-16536
563574,440,-111,-16114
563578,434,-121,-16999
563582,517,-68,-16738
563586,239,-429,-16507
563590,468,-358,-16309
563594,540,-257,-17163
563598,365,-174,-15854
563602,352,40,-16678
563606,225,-253,-16190
563610,413,215,-16758
563614,373,144,-16852
563618,109,320,-16611
563622,518,585,-16073
563626,505,373,-16196
563630,217,48,-16795
563634,442,167,-16325
563638,342,-116,-16331
563642,606,-222,-16666
563646,312,-55,-15489
563650,300,-425,-16794
563654,421,-359,-16758
563658,376,-393,-16852
563663,469,-279,-16083
563667,277,-59,-17189
563671,282,-197,-16909
563675,367,-134,-16144
563679,460,232,-16667
563683,475,292,-14737
563687,340,11,-18091
563691,233,424,-16927
563695,611,369,-16118
563699,321,314,-17051
563703,233,19,-16652
563707,302,35,-16412
563711,473,-127,-16446
563715,417,-297,-16169
563719,529,-187,-16478
563723,297,-303,-16405
563727,375,-253,-15977
563731,393,53,-17035
563735,334,-590,-17162
563739,239,289,-16011
563743,385,200,-16488
563747,377,-218,-17390
563751,188,379,-15432
563755,572,184,-16890
563759,88,351,-16067
563763,373,32,-16298
563767,359,377,-16867
563771,259,160,-15874
563775,515,38,-16626
563779,574,-104,-16983
563783,352,-198,-15885
563787,418,-99,-16996
563791,447,-205,-17352
563795,533,-169,-15512
563800,252,-17,-17265
563804,671,-499,-16827
563808,344,147,-16411
563812,323,-3,-17170
563815,566,-253,-16177
563820,629,278,-15954
563824,334,-79,-16104
563828,411,409,-16241
563832,493,531,-17191
563836,534,-146,-17529
563840,504,398,-15522
563844,149,295,-16587
563848,266,-317,-16055
563852,701,-120,-17046
563856,404,73,-15555
563860,383,-268,-17624
563864,303,60,-15196
563868,440,-228,-15384
563872,473,-74,-17400
563876,164,73,-15512
563880,236,-75,-15929
563884,130,113,-17098
563888,206,75,-15612
563892,483,131,-17102
563896,285,120,-15762
563900,261,98,-15784
563904,406,-234,-17168
563908,622,106,-15996
563912,592,-156,-16580
563916,328,-20,-16670
563920,427,-64,-15726
563924,532,-88,-17063
563928,641,-169,-16467
563932,177,-184,-15627
563936,217,-10,-17331
563940,327,-142,-15871
563944,538,111,-16468
563948,559,-134,-16298
563952,391,30,-16706
563956,199,189,-16117
563960,373,-18,-16465
563964,367,-58,-16443
563968,539,-97,-15732
563972,131,2,-17690
563976,69,274,-16919
563980,584,129,-15655
563984,448,43,-18287
563988,448,-125,-14792
563992,484,-16,-17056
563996,293,-132,-17075
564000,466,-123,-15895
564004,752,-121,-16401
564008,275,-78,-17010
564012,158,-137,-15954
564016,231,264,-16943
564020,539,-468,-18113
564024,405,354,-15300
564028,90,222,-17164
564032,7,54,-16954
564036,413,23,-15873
564040,532,-22,-16884
564044,342,-116,-15401
564048,128,282,-16411
564052,212,-268,-15638
564056,697,-181,-17262
564060,566,73,-16654
564064,570,-155,-16261
564068,226,36,-16595
564072,531,-115,-16468
564076,798,63,-16279
564080,557,152,-16681
564084,324,6,-15460
564088,124,79,-16787
564092,410,21,-16553
564096,658,-100,-16415
564100,175,-57,-16448
564104,80,-227,-15498
564108,96,-47,-17373
564112,365,-78,-15810
564116,544,2,-16874
564120,235,118,-16795
564124,58,-166,-16910
564128,216,-87,-15812
564132,658,-47,-17041
564136,715,10,-16654
564139,407,130,-15401
564144,97,62,-16457
564147,339,-29,-16180
564151,898,-53,-15810
564155,981,131,-16990
564159,280,-80,-16163
564163,180,326,-16277
564167,517,-296,-16877
564171,874,-53,-16149
564175,263,160,-15484
564179,49,39,-17238
564183,139,-53,-15544
564187,407,-103,-16879
564191,629,-200,-16774
564195,150,-30,-15733
564199,-283,-30,-16958
564204,179,-71,-16123
564208,774,-51,-15207
564212,514,56,-17621
564216,30,-71,-15821
564219,53,-3,-14893
564223,479,93,-18197
564227,728,-4,-17398
564231,620,210,-15924
564235,-124,123,-16995
564239,35,-100,-16933
564243,561,29,-15830
564247,728,-85,-17088
564251,598,0,-16804
564255,168,304,-15145
564259,306,22,-16879
564263,687,-75,-16565
564267,379,232,-16090
564271,221,-281,-16448
564275,24,-267,-16433
564279,365,-115,-15388
564283,618,-144,-17321
564287,444,-94,-16073
564291,74,141,-15939
564295,245,55,-16745
564299,333,38,-16786
564303,614,165,-15907
564307,286,37,-16924
564311,-6,192,-16658
564315,356,79,-16091
564319,643,85,-16458
564323,435,-164,-16677
564327,447,1,-15957
564331,275,-99,-16211
564335,167,-60,-16810
564339,804,-110,-15984
564343,635,-127,-16669
564347,171,-84,-15888
564351,259,-131,-17157
564355,489,-88,-16130
564359,588,-175,-17027
564363,260,-215,-17094
564367,257,283,-16268
564371,386,78,-16893
564375,422,47,-16546
564379,399,168,-16966
564383,264,-64,-15462
564387,238,141,-16020
564391,163,143,-16584
564395,314,-60,-15842
564399,532,-82,-16735
564403,217,-248,-16117
564407,233,-198,-16215
564411,442,-137,-16454
564415,705,-296,-16801
564419,218,-9,-16803
564423,277,11,-15919
564427,284,81,-16869
564431,600,217,-16081
564435,564,116,-17204
564439,357,-78,-15610
564443,305,235,-17045
564447,680,-280,-16385
564451,370,197,-15958
564455,480,-34,-17236
564459,380,-201,-15693
564464,60,262,-16797
564467,317,13,-16498
564471,736,-122,-15797
564475,253,-173,-16777
564480,123,-290,-16260
564484,295,-31,-16372
564488,537,-116,-16693
564492,510,-31,-16243
564496,3,147,-15644
564499,248,-98,-16983
564503,511,174,-16759
564508,370,105,-15957
564512,309,29,-16878
564515,242,197,-15950
564519,364,-68,-16697
564524,490,-116,-16759
564528,642,-100,-16109
564532,498,-213,-16801
564536,449,-160,-16410
564540,635,30,-16178
564544,393,4,-16713
564548,476,-181,-17500
564552,487,-5,-15532
564556,319,-47,-17162
564560,211,-245,-16979
564564,528,161,-15849
564568,18,79,-16486
564571,255,-10,-16832
564575,267,228,-16308
564579,206,-75,-18440
564583,410,77,-14856
564587,338,84,-15336
564591,175,-86,-17813
564595,460,-198,-15662
564599,398,-107,-17269
564603,275,-29,-16386
564607,592,-159,-16287
564611,390,-25,-16653
564615,447,111,-16225
564619,501,-47,-16446
564624,484,-5,-15935
564627,587,-8,-16717
564631,460,-73,-16427
564635,372,7,-16412
564639,477,-19,-17064
564643,450,-151,-16396
564647,456,31,-16565
564651,272,-123,-16456
564655,236,48,-16595
564659,379,155,-16113
564663,298,-234,-17147
564667,192,78,-16063
564671,385,73,-15801
564675,379,119,-16906
564679,237,-6,-16404
564683,460,21,-15808
564687,539,-111,-17261
564691,303,-242,-15709
564695,261,61,-16535
564699,280,-10,-16590
564703,505,-61,-16146
564707,533,12,-16977
564711,331,56,-15993
564715,412,-65,-16247
564719,390,121,-16398
564723,408,-155,-16585
564727,480,253,-16272
564731,269,39,-16603
564735,252,19,-16344
564739,522,-132,-16690
564743,468,-86,-15983
564747,266,88,-16158
564751,190,-122,-16612
564755,542,-235,-16555
564759,334,66,-16558
564763,507,-8,-16359
564767,123,-148,-16477
564771,341,203,-16161
564775,249,-104,-17069
564779,397,-56,-16457
564783,409,116,-16566
564787,312,-23,-16211
564791,282,-76,-15913
564795,529,229,-16742
564799,415,-44,-16083
564803,386,-197,-16501
564807,404,-34,-16358
564811,702,-202,-16088
564815,413,-244,-16421
564820,616,-134,-16787
564824,269,-20,-17050
564828,341,-53,-16147
564832,459,-86,-16852
564836,347,202,-15817
564840,175,-120,-16802
564844,366,-176,-16099
564848,578,152,-16614
564852,415,-183,-16528
564856,205,87,-16152
564860,220,-31,-16531
564864,345,-113,-16493
564868,515,6,-16764
564872,381,229,-15982
564876,323,-115,-16615
564880,281,17,-15733
564884,437,-18,-16940
564888,490,96,-16825
564892,297,-169,-15871
564896,472,-270,-17415
564900,348,121,-17535
564904,504,-27,-15612
564908,443,-171,-17116
564912,227,179,-17142
564916,396,163,-15789
564920,303,-49,-16847
564924,482,-72,-15995
564928,274,-258,-16284
564932,123,109,-15831
564936,264,-99,-16882
564940,558,-111,-16440
564944,441,239,-17464
564948,164,-247,-15917
564952,372,-33,-16415
564956,427,82,-16301
564960,327,-81,-16511
564964,283,93,-16717
564968,470,-69,-15640
564972,368,-87,-17572
564976,436,-68,-17031
564980,643,-127,-15663
564984,355,-176,-17057
564989,351,89,-16023
564992,489,-62,-16700
564996,593,109,-16057
565000,444,-9,-15269
565004,145,-127,-17270
565008,493,200,-16867
565012,574,-201,-15184
565016,311,13,-18005
565020,478,-110,-16357
565024,353,234,-15687
565028,206,-5,-17743
565032,371,-60,-15181
565036,682,31,-17135
565040,407,-47,-17570
565044,189,99,-15640
565048,320,49,-17020
565052,406,73,-17010
565056,619,-9,-16242
565060,341,-131,-16718
565064,235,-161,-16622
565068,166,88,-16171
565072,615,-6,-17328
565076,709,-174,-15632
565080,391,-69,-17182
565084,415,-73,-15960
565088,185,-189,-16424
565092,588,65,-16866
565096,617,-55,-15752
565100,402,-23,-17326
565104,208,185,-16696
565108,302,-8,-16224
565112,708,-163,-16902
565116,616,145,-16407
565120,300,96,-16285
565124,175,-134,-16692
565128,33,-68,-16718
565132,671,-59,-16047
565136,395,197,-16737
565140,-76,-92,-15570
565144,26,-11,-17029
565148,393,251,-15809
565152,715,51,-17119
565156,146,-113,-16129
565160,195,-69,-17041
565164,105,-256,-15685
565168,759,101,-16944
565172,751,-235,-16008
565176,183,41,-16808
565180,136,101,-16041
565184,683,-132,-16934
565188,825,44,-16396
565192,597,-128,-16556
565197,11,-83,-16413
565200,531,27,-17290
565204,404,52,-16115
565208,502,-15,-16618
565212,260,-21,-16578
565216,269,19,-15702
565220,241,0,-17466
565224,364,-284,-15887
565228,500,-193,-16716
565232,131,7,-17206
565236,180,-140,-15222
565240,273,33,-16326
565244,393,-163,-16620
565248,327,-39,-16158
565252,330,47,-16946
565256,297,-104,-16391
565260,373,-15,-16275
565264,590,-101,-17259
565268,472,-92,-15859
565272,265,27,-15900
565276,272,-339,-17038
565280,467,18,-16410
565284,649,55,-16578
565288,348,117,-16440
565292,442,66,-17001
565296,356,41,-16128
565300,575,-11,-16232
565304,614,-89,-16399
565308,407,-155,-16596
565312,-12,199,-16195
565316,448,171,-17165
565320,418,-129,-15716
565324,550,76,-17290
565328,235,-248,-17255
565332,112,-336,-15935
565336,386,-228,-17268
565340,555,-18,-17213
565344,532,-206,-15925
565349,-106,153,-16738
565353,310,73,-16080
565357,583,179,-16750
565361,466,83,-16649
565364,430,179,-16087
565368,209,-36,-16667
565372,493,-74,-17022
565376,591,-45,-15985
565380,327,13,-15938
565384,321,-180,-16794
565388,263,-176,-16278
565393,756,-189,-16643
565397,560,-41,-15823
565401,201,-125,-16972
565405,307,3,-16546
565409,640,-64,-16397
565413,349,-79,-17350
565417,343,231,-15677
565421,121,13,-17106
565425,457,198,-16011
565429,526,6,-17073
565432,184,-2,-17031
565436,119,-18,-16128
565440,212,-37,-16258
565444,389,-176,-16610
565448,567,-28,-16419
565452,415,-47,-16498
565456,142,-219,-16496
565461,310,-205,-16406
565465,806,-119,-16723
565469,552,-87,-15888
565473,502,6,-17301
565477,343,0,-16255
565480,272,85,-17074
565484,661,-58,-15516
565488,713,315,-17296
565492,85,114,-15172
565496,129,102,-15850
565500,93,29,-16790
565504,500,55,-15931
565508,663,53,-17211
565512,-61,-88,-15840
565516,234,213,-15986
565520,266,-177,-17098
565524,556,-7,-15796
565528,498,-78,-16935
565532,297,-146,-15716
565536,337,-69,-16589
565540,448,-120,-17023
565544,681,-82,-16041
565548,356,-43,-15433
565552,382,-135,-16731
565556,467,-60,-16907
565560,616,60,-16131
565564,577,-37,-17150
565568,561,-138,-16211
565572,37,334,-15910
565576,355,56,-16952
565580,598,-12,-17201
565584,465,-100,-15984
565588,376,-148,-16727
565592,124,32,-17429
565596,504,-93,-15113
565600,467,-151,-17599
565604,143,-125,-16238
565608,10,25,-15853
565612,337,-60,-15873
565616,435,-230,-16970
565620,385,8,-16325
565624,306,21,-17216
565628,275,-239,-16291
565632,335,-9,-16332
565636,830,139,-17783
565640,461,-140,-15438
565644,287,61,-16091
565648,362,-265,-16675
565652,625,-178,-16139
565656,730,77,-16170
565660,398,-203,-16545
565664,331,102,-16268
565668,608,-165,-15962
565672,427,-51,-17296
565676,84,35,-16379
565680,83,-91,-16863
565684,311,-131,-15605
565688,353,-22,-16631
565692,296,-30,-16014
565696,295,15,-16666
565700,284,-70,-15464
565704,316,-118,-17362
565708,425,213,-15982
565712,278,-193,-16292
565717,630,-190,-17173
565721,503,178,-15875
565725,239,-68,-16448
565729,462,25,-16978
565733,893,-253,-15994
565737,492,-26,-16775
565741,341,-119,-16043
565745,510,41,-16434
565749,613,14,-16109
565753,530,-77,-16642
565757,352,54,-16595
565761,412,271,-15681
565765,261,-15,-16159
565769,132,-38,-16741
565773,480,-21,-16357
565777,374,-358,-16087
565781,-139,113,-16955
565785,512,-154,-16318
565789,376,-97,-16936
565793,167,-179,-16378
565797,384,-348,-17194
565801,590,70,-16271
565805,353,87,-15882
565809,689,-191,-17724
565813,357,60,-15127
565817,610,-67,-17246
565821,585,83,-16881
565825,484,102,-15970
565829,374,-46,-15870
565833,485,-32,-16921
565837,529,38,-16131
565841,376,78,-15953
565845,186,293,-16938
565849,139,209,-16521
565853,221,-239,-16952
565857,133,-149,-16002
565861,198,-128,-16263
565865,320,-54,-16888
565869,234,-296,-15493
565873,373,-43,-16836
565877,391,-144,-15782
565881,407,-67,-16982
565885,530,43,-16918
565889,610,54,-15768
565893,484,37,-15893
565897,441,71,-16886
565901,588,81,-16191
565905,283,72,-16417
565909,476,179,-16491
565913,551,-33,-16360
565917,502,96,-16206
565921,383,-114,-16641
565925,481,-130,-15252
565929,261,-101,-17293
565933,357,-81,-16092
565937,313,-166,-16415
565941,389,-128,-16633
565945,242,-119,-16263
565949,95,-115,-16358
565953,128,-68,-16054
565957,353,-214,-17055
565961,433,210,-16654
565965,269,-11,-16390
565969,205,343,-16742
565973,183,-44,-16493
565977,655,28,-16327
565981,586,45,-16437
565985,583,-44,-15988
565989,479,-43,-16450
565993,461,-172,-16461
565997,747,-185,-16254
566001,646,-107,-15628
566005,240,-92,-16898
566009,344,-217,-15840
566013,571,17,-16137
566017,709,-58,-16496
566021,409,-64,-16278
566025,195,-43,-15776
566029,48,114,-17812
566033,549,-124,-15757
566037,558,223,-16887
566041,-20,67,-16387
566045,110,16,-15605
566049,378,99,-17178
566053,458,-73,-16514
566057,468,-22,-16606
566061,415,147,-16286
566065,81,-269,-16212
566069,237,220,-16976
566073,1128,-173,-16487
566077,464,20,-16022
566081,356,-188,-16784
566085,266,-206,-15700
566089,744,1,-16113
566093,742,17,-16912
566097,310,42,-15458
566101,39,283,-17261
566105,201,148,-15505
566109,649,-36,-15676
566113,487,103,-17424
566117,285,-183,-15857
566121,0,267,-16771
566125,48,188,-16460
566129,893,-166,-16040
566133,637,2,-16964
566137,63,-155,-16816
566141,219,-87,-16141
566145,349,99,-16303
566149,755,-269,-16217
566153,684,-32,-16153
566157,28,94,-16558
566161,134,-247,-16350
566165,573,-134,-16778
566169,658,24,-15964
566173,308,131,-16940
566177,14,125,-16120
566181,669,105,-15477
566185,695,72,-17368
566189,126,88,-16125
566193,311,-28,-16519
566197,233,73,-16087
566201,623,-253,-16602
566205,474,-38,-16141
566209,233,37,-16419
566213,209,-313,-16327
566217,409,-237,-16435
566221,457,-83,-16305
566225,304,30,-16513
566229,253,73,-16434
566233,522,117,-15559
566237,462,-53,-17387
566241,348,-55,-15847
566245,351,138,-15046
566249,321,68,-18158
566253,587,-42,-16363
566257,390,258,-16757
566260,222,46,-16262
566264,313,-81,-15421
566268,431,-107,-17071
566273,488,-96,-16166
566277,379,28,-15776
566280,475,-48,-17097
566285,404,-278,-16849
566289,360,117,-16358
566293,214,-124,-16493
566297,359,-10,-17146
566301,133,149,-15916
566305,317,-146,-16784
566309,283,316,-15570
566313,213,-246,-16903
566317,328,-115,-16140
566321,363,29,-16108
566325,584,31,-16983
566329,446,-142,-16588
566333,429,239,-16178
566337,477,155,-16589
566341,469,-400,-15912
566345,545,-91,-16870
566349,434,-246,-16128
566353,289,-27,-16544
566357,321,78,-16670
566361,579,-344,-16761
566365,448,198,-16944
566369,162,247,-15673
566373,317,-118,-16141
566377,334,225,-17300
566381,844,-240,-15360
566385,-50,312,-17084
566389,22,42,-15740
566393,227,-115,-16921
566397,505,120,-17701
566401,647,3,-15547
566405,58,226,-16102
566409,103,-203,-16912
566413,528,-99,-15661
566417,659,81,-16398
566421,582,-143,-16151
566425,195,-134,-16182
566429,184,124,-17595
566433,825,1,-15350
566437,669,46,-16687
566441,349,80,-16035
566445,165,-63,-15842
566449,168,144,-17130
566453,545,-114,-15780
566457,456,-53,-15730
566461,38,5,-17361
566465,72,181,-15554
566469,332,150,-17670
566473,361,-57,-15876
566477,270,-52,-15517
566481,324,-59,-17110
566485,81,-266,-16118
566489,434,-64,-16927
566493,675,-278,-16281
566497,398,-6,-16643
566501,284,133,-16212
566505,327,86,-16800
566509,656,18,-16392
566513,822,-55,-16337
566517,462,-204,-16931
566521,374,195,-15895
566525,474,61,-16738
566529,620,34,-17102
566533,735,54,-16068
566537,307,-52,-16707
566541,131,-22,-16692
566545,361,-57,-16136
566549,339,-106,-16859
566553,274,-110,-16788
566557,249,126,-15584
566561,135,-73,-17401
566565,99,43,-16053
566569,507,-10,-16790
566573,396,-120,-17058
566577,101,-50,-15893
566581,290,90,-16907
566585,646,-40,-16834
566589,621,113,-16154
566593,317,90,-16506
566597,357,1,-16670
566600,621,-120,-16141
566604,582,-56,-16405
566608,642,-35,-16566
566612,494,51,-16291
566616,522,-170,-16757
566620,533,-32,-16186
566624,394,-95,-16407
566628,462,-97,-16538
566633,466,42,-16297
566636,288,198,-15403
566640,273,-200,-17621
566645,250,-16,-15443
566649,234,25,-16317
566653,226,78,-16820
566656,194,157,-16110
566661,210,-49,-16604
566665,357,-41,-16767
566669,495,-54,-16325
566673,22,-103,-16562
566677,392,-295,-16319
566681,334,-173,-15150
566685,693,-36,-17858
566689,552,-97,-15147
566693,581,-42,-16369
566697,286,-17,-16891
566701,637,-79,-16006
566705,665,63,-17239
566709,549,74,-15503
566713,323,63,-15688
566717,356,164,-16886
566721,457,-67,-16258
566725,636,153,-16181
566729,233,122,-17215
566733,60,-2,-16828
566737,115,-233,-15803
566741,611,-234,-17387
566745,459,-189,-15855
566749,80,-20,-16611
566753,147,-4,-16934
566757,303,-188,-16438
566761,506,56,-16289
566765,363,-235,-17509
566769,176,155,-15279
566773,275,24,-17377
566777,685,-13,-16995
566781,573,55,-15246
566785,225,127,-16960
566789,310,-69,-16072
566793,660,186,-16389
566797,579,-268,-17342
566801,562,188,-15542
566805,412,122,-17221
566809,333,-244,-17413
566813,373,26,-16075
566817,554,79,-15730
566821,394,-232,-17415
566825,-13,-100,-15946
566829,515,105,-16676
566833,391,-242,-16444
566837,193,-231,-16693
566841,231,96,-14457
566845,373,-227,-18078
566849,70,78,-15185
566853,244,73,-15887
566857,485,-298,-17462
566861,519,101,-16124
566865,250,-157,-16733
566869,293,-93,-16050
566873,565,31,-16457
566877,593,-212,-16706
566881,197,139,-16361
566885,391,-112,-16480
566889,552,-162,-16580
566893,662,45,-16251
566897,534,-76,-16573
566901,400,-132,-16636
566905,512,-111,-15957
566909,380,-135,-17045
566913,436,-192,-16166
566917,373,7,-16571
566921,189,53,-16764
566925,352,-142,-15998
566929,354,172,-16503
566933,304,-66,-16471
566937,338,67,-16985
566941,477,67,-16217
566945,343,51,-16303
566949,511,-19,-16501
566953,247,129,-16810
566957,228,-152,-16754
566961,636,8,-16274
566965,412,78,-16501
566969,341,-161,-16951
566973,241,206,-16030
566977,344,160,-16775
566981,470,-80,-17146
566985,694,-15,-15994
566989,223,117,-17164
566993,249,135,-16279
566997,553,23,-16239
567001,293,80,-15669
567005,320,8,-16985
567009,169,16,-16195
567013,124,20,-16449
567017,422,4,-16478
567021,453,-202,-16236
567025,168,-46,-16437
567029,414,-177,-16643
567033,447,-28,-16503
567037,573,-79,-15925
567041,335,40,-17044
567045,350,30,-15908
567048,400,56,-16083
567052,578,-248,-17112
567056,563,230,-15498
567060,262,3,-15551
567064,331,86,-16898
567068,591,-20,-16181
567072,580,94,-16958
567076,496,-111,-16340
567080,394,-23,-15620
567084,473,-110,-17270
567088,452,-234,-16085
567092,547,-160,-16094
567096,380,-157,-17105
567101,194,-200,-15901
567105,604,48,-16672
567109,383,-76,-16703
567113,499,-200,-16167
567117,266,158,-16572
567121,293,12,-16127
567125,380,85,-16921
567128,587,-60,-15628
567133,375,15,-17132
567136,176,267,-17263
567140,382,63,-15831
567144,598,195,-16473
567148,288,-93,-16980
567152,395,-180,-15732
567156,391,-18,-16725
567160,484,-264,-16439
567165,585,-169,-16097
567169,448,-108,-17052
567173,256,-220,-15609
567177,437,28,-17293
567181,542,-19,-17034
567185,358,-201,-15938
567189,226,246,-16464
567193,362,-29,-15740
567197,539,-97,-17423
567201,397,196,-17004
567205,175,167,-15622
567209,98,95,-17246
567213,231,-23,-16665
567217,699,-7,-16368
567221,334,102,-16824
567225,81,-312,-16011
567229,452,-86,-16943
567233,704,-64,-16811
567237,492,-265,-16159
567241,325,-31,-16840
567245,384,-84,-16935
567249,490,-355,-15490
567253,423,203,-17266
567257,515,-70,-16135
567261,152,-78,-16850
567265,293,194,-16421
567269,445,55,-16107
567273,552,205,-17512
567277,77,136,-15574
567281,367,89,-17492
567285,450,-65,-16420
567289,304,-57,-16759
567293,461,-237,-16365
567297,275,-241,-16218
567301,293,-176,-17027
567305,410,-340,-16220
567309,345,-106,-16783
567313,360,-125,-16199
567317,402,-112,-16519
567322,445,331,-16331
567326,453,38,-16786
567329,387,161,-15653
567333,394,239,-16166
567337,507,171,-16679
567341,333,-2,-15955
567345,411,4,-16906
567349,440,94,-16428
567353,337,-37,-16545
567357,324,-20,-16581
567361,270,-66,-16372
567365,303,-257,-16737
567369,465,-267,-15993
567373,523,-368,-16694
567377,236,-154,-16481
567381,242,-242,-16204
567386,608,75,-17504
567389,372,12,-15513
567393,206,31,-17305
567397,319,49,-15988
567401,387,107,-16705
567405,381,203,-17041
567409,498,111,-16320
567413,442,131,-16344
567417,264,285,-17093
567421,443,-236,-15836
567425,382,-45,-16964
567429,436,-122,-16401
567434,529,-31,-16204
567438,234,-114,-16722
567442,527,-358,-15835
567446,453,2,-17259
567450,464,-152,-16873
567454,292,-106,-16127
567458,294,94,-16681
567462,372,-96,-17597
567466,357,-161,-15337
567470,223,384,-17045
567474,293,-20,-16303
567478,251,-125,-16261
567482,362,321,-16925
567486,483,47,-16232
567490,27,310,-16523
567494,165,-290,-17120
567498,437,-157,-15800
567502,669,-131,-16886
567506,469,-171,-16018
567510,353,-35,-16191
567514,579,-79,-16934
567518,489,-93,-15606
567522,473,-11,-17267
567526,427,-87,-16652
567530,383,51,-15464
567534,502,271,-17801
567538,472,-92,-15832
567542,266,40,-16916
567546,572,109,-17197
567550,285,15,-15727
567554,279,240,-16782
567558,468,-53,-17159
567562,235,94,-16257
567566,275,254,-15754
567570,331,-343,-17429
567574,314,-52,-15155
567578,473,-20,-16165
567582,192,-123,-16623
567586,415,45,-16133
567590,530,-187,-16790
567594,521,-158,-16547
567598,511,51,-15977
567602,243,-90,-16842
567606,589,-177,-16018
567610,409,299,-15389
567614,450,35,-17469
567618,274,58,-15963
567622,395,343,-16635
567626,628,-201,-16576
567630,379,127,-16618
567634,321,-131,-15962
567638,260,-54,-16139
567642,402,-143,-17505
567646,315,-159,-16490
567650,271,-365,-16693
567654,454,110,-18271
567658,195,-479,-15494
567663,441,-43,-16838
567667,500,-40,-16479
567670,510,228,-16222
567674,421,293,-16297
567679,298,163,-15518
567683,225,104,-17323
567687,683,139,-15664
567691,438,-24,-16098
567695,319,188,-16832
567699,544,-149,-15829
567703,493,39,-17319
567707,640,8,-15763
567710,596,-172,-16507
567714,155,-190,-16570
567719,308,-13,-16033
567723,592,-325,-17269
567727,213,172,-15253
567731,251,-172,-16357
567735,313,33,-16107
567739,321,122,-16197
567743,251,-44,-16762
567747,163,82,-16437
567751,513,171,-16290
567755,475,134,-16994
567759,308,152,-16469
567763,393,-106,-15725
567767,438,-49,-16858
567771,307,-267,-16807
567775,520,-77,-16273
567779,414,75,-16804
567783,468,-2,-16289
567787,580,-37,-15742
567791,329,17,-17126
567795,338,-167,-16707
567799,379,-74,-15937
567803,520,-58,-17187
567807,189,-201,-16680
567811,189,92,-16179
567815,473,141,-16940
567819,482,-77,-15746
567823,402,205,-16792
567827,-11,-14,-16760
567831,264,181,-16055
567835,578,220,-16948
567839,315,-203,-16633
567843,197,73,-16458
567847,335,-62,-16440
567851,504,-131,-17300
567855,475,-110,-15798
567859,485,-8,-16635
567863,274,-249,-16422
567867,365,-23,-16211
567871,416,-141,-16111
567875,503,129,-16626
567879,197,222,-16330
567883,148,-4,-16774
567887,470,-14,-16362
567891,555,225,-15960
567895,455,-129,-16645
567899,243,-54,-16464
567903,445,90,-15646
567907,438,-249,-17208
567911,191,11,-15754
567915,254,-434,-15717
567919,332,13,-17636
567923,500,-168,-15583
567927,328,66,-16458
567931,388,-28,-16623
567935,374,-161,-15676
567939,344,41,-16548
567943,328,-181,-16809
567947,326,286,-16371
567951,383,-10,-16912
567955,408,199,-16056
567959,412,234,-16935
567963,628,45,-16074
567967,321,17,-17169
567971,356,-140,-15343
567975,452,1,-17756
567979,381,-211,-16708
567983,344,42,-16368
567987,266,-174,-16666
567991,459,22,-16807
567995,441,-73,-16185
567999,220,-24,-17015
568003,285,-41,-16042
568007,437,8,-16461
568011,560,-130,-16469
568015,386,43,-16278
568019,243,-42,-16010
568023,306,-129,-16639
568027,662,56,-16372
568031,492,-61,-15801
568035,234,40,-16837
568039,226,18,-16433
568042,519,-245,-16246
568047,403,-151,-16831
568051,419,-153,-15890
568055,407,215,-16931
568059,234,41,-15897
568063,770,-113,-16668
568067,614,-82,-16836
568071,471,31,-15622
568075,323,83,-16319
568079,168,138,-16361
568083,638,-249,-16767
568087,649,-47,-16307
568091,197,76,-16559
568095,243,-76,-15777
568099,486,-176,-17304
568103,443,15,-17339
568107,489,-6,-15654
568111,254,-25,-17059
568115,256,-155,-16140
568119,520,-29,-17110
568123,499,17,-15766
568127,365,-106,-16361
568131,340,222,-16580
568135,278,-4,-16440
568139,474,-147,-16620
568143,626,269,-16097
568147,276,-61,-16002
568151,252,-191,-16702
568155,450,155,-16211
568159,586,-151,-15582
568163,449,-12,-16816
568167,122,-151,-16580
568171,411,-88,-16193
568175,493,43,-16658
568179,590,-312,-16826
568183,582,24,-16045
568187,271,-141,-16664
568191,344,-246,-16768
568195,295,-2,-16568
568199,623,27,-16239
568203,336,159,-16507
568207,264,129,-16292
568211,436,126,-15901
568215,222,177,-16843
568219,461,-164,-16711
568223,504,229,-16765
568227,281,-5,-16044
568231,148,-221,-16892
568235,719,11,-16594
568239,850,-30,-16252
568243,413,-109,-16433
568247,203,-118,-15965
568251,354,-112,-16455
568255,707,-144,-16763
568260,691,-156,-16779
568264,204,-62,-16416
568268,225,-133,-16357
568272,450,132,-16833
568276,575,-27,-16235
568280,383,11,-16768
568284,208,155,-16063
568288,177,126,-16738
568292,627,109,-16398
568296,418,-20,-17054
568300,257,27,-16164
568304,365,-137,-16325
568308,436,-286,-16576
568312,489,-67,-15839
568316,478,-163,-16801
568320,341,35,-16153
568324,381,-60,-15763
568328,320,-57,-16962
568332,713,-15,-15806
568336,485,-200,-15540
568340,355,-64,-17665
568344,322,114,-15392
568348,398,-15,-17183
568352,743,32,-16423
568356,285,87,-15397
568360,130,132,-16996
568364,455,24,-17613
568368,583,6,-15502
568372,416,55,-17063
568376,67,-202,-16846
568380,105,19,-15125
568383,278,7,-16823
568387,475,-355,-15752
568391,364,-45,-17252
568395,263,-137,-16899
568400,214,-197,-15545
568404,330,214,-17766
568408,450,-160,-17149
568412,581,5,-16168
568415,424,327,-17461
568419,346,-168,-15993
568424,500,180,-16648
568428,658,28,-16639
568431,399,-39,-16696
568435,377,207,-16064
568439,321,-99,-16845
568443,265,-181,-16390
568448,577,87,-16565
568452,374,-142,-16224
568456,96,-133,-17195
568460,368,34,-16312
568464,416,-392,-16171
568468,443,-29,-17069
568472,417,-79,-15889
568476,114,35,-16526
568479,242,-44,-17129
568483,529,97,-16226
568487,354,98,-16539
568491,410,78,-16940
568495,263,-44,-15671
568499,610,205,-17020
568503,663,-182,-16363
568507,453,-9,-16075
568511,266,-33,-17257
568515,326,-115,-15566
568519,386,-56,-17196
568523,766,-143,-16371
568528,480,36,-16424
568531,45,21,-16188
568535,141,-126,-16678
568539,452,-8,-16559
568543,520,16,-16422
568547,357,-481,-16177
568551,3,135,-17171
568555,284,-11,-15916
568559,664,-52,-16684
568563,581,190,-16959
568567,137,-145,-15831
568571,59,-148,-16621
568575,916,64,-16647
568579,672,-149,-16487
568583,322,79,-16551
568587,25,-55,-16038
568591,435,-320,-17049
568595,691,55,-15888
568599,676,-272,-16504
568603,-10,-22,-16740
568607,123,103,-15617
568611,498,-124,-17050
568615,452,12,-17599
568619,652,13,-15521
568623,121,-33,-16974
568627,339,49,-16603
568631,515,122,-16105
568635,579,-133,-17017
568639,463,-84,-16010
568643,-47,-203,-16813
568647,503,-57,-16642
568651,683,-13,-16394
568655,408,-341,-16911
568659,288,-8,-17456
568663,324,-18,-15262
568667,180,-24,-17299
568671,433,-94,-17313
568675,597,-198,-15691
568679,98,154,-16852
568683,235,-328,-15853
568687,730,-230,-17335
568691,327,77,-16991
568695,329,-230,-15898
568699,335,59,-17044
568703,243,104,-16057
568707,571,-86,-16808
568711,134,51,-17026
568715,138,14,-16173
568719,404,-53,-16513
568723,289,72,-16576
568727,502,-159,-16451
568731,391,129,-16321
568735,247,-54,-16825
568739,651,-3,-16167
568743,506,-90,-16664
568747,494,-137,-15954
568751,402,-248,-17031
568755,587,-45,-16674
568759,351,-137,-16348
568763,489,-109,-16676
568767,493,45,-17601
568771,374,-60,-15452
568775,437,49,-17040
568779,395,102,-16464
568783,308,132,-15435
568787,324,141,-17132
568791,410,106,-15746
568795,521,10,-15352
568799,356,-119,-16738
568803,335,-262,-16863
568807,426,-103,-15969
568811,336,-111,-16994
568815,378,-344,-16196
568819,213,74,-17059
568823,32,-282,-15499
568827,515,-100,-17230
568831,515,-209,-16177
568836,609,203,-16166
568840,183,176,-17094
568844,392,48,-15504
568847,442,7,-17198
568851,605,76,-17520
568855,591,160,-15262
568859,97,186,-17182
568863,10,-69,-15810
568867,989,-212,-16683
568871,274,-5,-17133
568875,242,-152,-15825
568879,142,58,-17039
568883,467,-42,-16655
568887,473,-336,-16232
568891,8,150,-16914
568895,76,-238,-15948
568899,303,-177,-16751
568903,401,13,-16789
568907,254,-97,-16423
568911,401,136,-16037
568915,274,-219,-16175
568919,417,56,-17183
568923,415,21,-16779
568927,604,-84,-15858
568931,400,-28,-17183
568935,309,46,-15962
568939,557,-183,-16997
568943,460,221,-16528
568947,482,-106,-16425
568951,468,-146,-16432
568955,373,215,-16554
568959,346,-229,-16361
568963,398,-16,-16390
568967,381,-136,-16767
568972,156,-102,-17073
568976,157,116,-15848
568980,395,-29,-16912
568984,344,-7,-15773
568988,288,-39,-17030
568992,157,-82,-15867
568996,550,-100,-16576
569000,303,102,-17126
569004,459,-193,-16560
569008,225,243,-16698
569012,421,67,-17305
569016,474,21,-15938
569019,392,256,-16771
569023,392,-100,-17066
569028,443,-221,-15677
569032,563,129,-17171
569036,458,-196,-16496
569040,613,141,-15987
569044,374,133,-17390
569048,525,-128,-16487
569052,472,-171,-16580
569056,267,0,-16559
569060,173,73,-16900
569064,278,133,-15754
569068,496,-14,-16144
569072,440,-252,-16612
569076,195,76,-16379
569080,204,-180,-16304
569084,274,-74,-16580
569088,306,3,-16169
569092,317,44,-16585
569096,266,244,-16238
569100,316,-22,-16036
569104,471,-87,-16993
569108,592,140,-16044
569112,495,-169,-16909
569116,120,26,-16408
569120,531,-157,-15877
569124,631,-177,-17450
569128,520,-41,-15487
569132,217,-141,-16074
569136,434,-76,-16440
569140,542,122,-16901
569144,388,-185,-16711
569148,402,172,-15995
569152,259,-153,-17179
569156,156,89,-17337
569160,567,-252,-15554
569164,391,65,-16949
569168,14,-61,-16185
569172,297,39,-16569
569176,318,51,-17130
569180,517,-178,-15920
569184,125,78,-16474
569188,-35,-230,-16727
569192,358,-230,-15648
569196,542,100,-16846
569200,494,-94,-16259
569204,376,-45,-16223
569208,179,-144,-16929
569212,548,-83,-15823
569216,479,-92,-17232
569220,428,11,-16519
569224,363,52,-16508
569228,615,55,-16915
569232,430,76,-16659
569236,404,-165,-16167
569240,552,12,-15891
569244,243,-55,-16929
569248,479,-191,-16126
569252,360,62,-16635
569256,245,-45,-16616
569260,404,103,-16273
569264,461,150,-16708
569268,485,-232,-16283
569272,330,-46,-16027
569276,274,-135,-16331
569280,290,-151,-17039
569284,388,80,-16464
569288,361,-94,-16302
569292,552,-32,-16959
569296,473,-228,-14863
569300,225,-259,-18103
569304,471,69,-16311
569308,876,-295,-15736
569312,438,-169,-17756
569316,107,216,-15561
569320,503,-73,-17477
569324,650,22,-17366
569328,572,155,-15864
569332,324,-87,-16820
569336,313,159,-16840
569340,564,-175,-15849
569344,604,-47,-17393
569348,489,15,-16979
569352,160,-177,-15836
569356,265,-54,-16833
569360,70,-210,-17353
569364,625,-162,-15244
569369,232,-23,-16416
569373,235,-265,-16442
569377,257,-75,-16095
569381,589,1,-16681
569384,559,-162,-16244
569389,195,172,-16283
569393,193,-40,-16864
569397,612,-97,-16017
569401,457,106,-16434
569405,315,-139,-16437
569409,631,-13,-16099
569413,333,-16,-16317
569417,628,-21,-16416
569421,504,84,-16843
569425,621,2,-17101
569429,387,-67,-15582
569433,367,-138,-16789
569437,453,-130,-16545
569441,298,-182,-16234
569445,110,3,-17086
569449,177,-253,-16073
569453,286,-129,-16541
569457,98,-180,-16748
569461,163,-73,-16207
569469,229,-64,-17532
569465,335,17,-16964